symbol,shortName,exchange,sector,industry,eodprice,regularMarketPrice,pct_1w,pct_1m,rel_volume,revenueGrowth,earningsQuarterlyGrowth,pegRatio,trailingPE
ZYME,Zymeworks Inc.,NMS,,,,24.04,,,,,,,
ZWS,Zurn Elkay Water Solutions Corp,NYQ,,,,47.37,,,,,,,
ZVRA,"Zevra Therapeutics, Inc.",NMS,,,,10.61,,,,,,,
ZTS,Zoetis Inc.,NYQ,,,,79.44,,,,,,,
ZTO,ZTO Express (Cayman) Inc.,NYQ,,,,22.28,,,,,,,
ZS,"Zscaler, Inc.",NMS,,,,130.78,,,,,,,
ZM,"Zoom Communications, Inc.",NMS,,,,101.62,,,,,,,
ZKH,ZKH Group Limited,NYQ,,,,2.83,,,,,,,
ZION,Zions Bancorporation N.A.,NMS,,,,63.23,,,,,,,
ZIM,ZIM Integrated Shipping Service,NYQ,,,,25.24,,,,,,,
ZGN,Ermenegildo Zegna N.V.,NYQ,,,,14.65,,,,,,,
ZG,"Zillow Group, Inc.",NMS,,,,35.39,,,,,,,
ZETA,Zeta Global Holdings Corp.,NYQ,,,,22.02,,,,,,,
ZD,"Ziff Davis, Inc.",NMS,,,,45.81,,,,,,,
ZBRA,Zebra Technologies Corporation,NMS,,,,232.11,,,,,,,
ZBIO,"Zenas BioPharma, Inc.",NMS,,,,17.47,,,,,,,
ZBH,"Zimmer Biomet Holdings, Inc.",NYQ,,,,87.33,,,,,,,
Z,"Zillow Group, Inc.",NMS,,,,35.06,,,,,,,
YUMC,"Yum China Holdings, Inc.",NYQ,,,,42.88,,,,,,,
YUM,"Yum! Brands, Inc.",NYQ,,,,150.87,,,,,,,
YSWY,"Yesway, Inc.",NMS,,,,22.18,,,,,,,
YSS,York Space Systems Inc.,NYQ,,,,29.14,,,,,,,
YPF,YPF Sociedad Anonima,NYQ,,,,53.5,,,,,,,
YOU,"Clear Secure, Inc.",NYQ,,,,54.52,,,,,,,
YORW,The York Water Company,NMS,,,,30.28,,,,,,,
YMM,Full Truck Alliance Co. Ltd.,NYQ,,,,8.59,,,,,,,
YEXT,"Yext, Inc.",NYQ,,,,3.89,,,,,,,
YETI,"YETI Holdings, Inc.",NYQ,,,,47.37,,,,,,,
YELP,Yelp Inc.,NYQ,,,,23.25,,,,,,,
YALA,Yalla Group Limited,NYQ,,,,5.29,,,,,,,
XZO,"Exzeo Group, Inc.",NYQ,,,,13.22,,,,,,,
XYZ,"Block, Inc.",NYQ,,,,68.15,,,,,,,
XYL,Xylem Inc.,NYQ,,,,109.94,,,,,,,
XXI,"Twenty One Capital, Inc.",NYQ,,,,5.64,,,,,,,
XRX,Xerox Holdings Corporation,NMS,,,,3.32,,,,,,,
XRN,Chiron Real Estate Inc.,NYQ,,,,35.9,,,,,,,
XRAY,DENTSPLY SIRONA Inc.,NMS,,,,10.0,,,,,,,
XPRO,Expro Group Holdings N.V.,NYQ,,,,15.38,,,,,,,
XPO,"XPO, Inc.",NYQ,,,,218.94,,,,,,,
XPEV,XPeng Inc.,NYQ,,,,15.95,,,,,,,
XPER,Xperi Inc.,NYQ,,,,7.42,,,,,,,
XP,XP Inc.,NMS,,,,15.34,,,,,,,
XOM,Exxon Mobil Corporation,NYQ,,,,149.92,,,,,,,
XMTR,"Xometry, Inc.",NMS,,,,80.66,,,,,,,
XIFR,"XPLR Infrastructure, LP",NYQ,,,,11.62,,,,,,,
XHR,"Xenia Hotels & Resorts, Inc.",NYQ,,,,18.39,,,,,,,
XERS,"Xeris Biopharma Holdings, Inc.",NMS,,,,6.18,,,,,,,
XEL,Xcel Energy Inc.,NMS,,,,79.04,,,,,,,
XE,"X-Energy, Inc.",NMS,,,,21.42,,,,,,,
WYNN,"Wynn Resorts, Limited",NMS,,,,104.48,,,,,,,
WY,Weyerhaeuser Company,NYQ,,,,24.48,,,,,,,
WWW,"Wolverine World Wide, Inc.",NYQ,,,,15.9,,,,,,,
WWD,"Woodward, Inc.",NMS,,,,357.74,,,,,,,
WU,Western Union Company (The),NYQ,,,,7.48,,,,,,,
WTW,Willis Towers Watson Public Lim,NMS,,,,263.54,,,,,,,
WTTR,"Select Water Solutions, Inc.",NYQ,,,,18.01,,,,,,,
WTS,"Watts Water Technologies, Inc.",NYQ,,,,314.21,,,,,,,
WTRG,"Essential Utilities, Inc.",NYQ,,,,37.36,,,,,,,
WTI,"W&T Offshore, Inc.",NYQ,,,,3.7,,,,,,,
WTFC,Wintrust Financial Corporation,NMS,,,,152.9,,,,,,,
WT,"WisdomTree, Inc.",NYQ,,,,18.18,,,,,,,
WST,"West Pharmaceutical Services, I",NYQ,,,,314.5,,,,,,,
WSR,Whitestone REIT,NYQ,,,,19.06,,,,,,,
WSO,"Watsco, Inc.",NYQ,,,,371.38,,,,,,,
WSM,"Williams-Sonoma, Inc.",NYQ,,,,204.98,,,,,,,
WSFS,WSFS Financial Corporation,NMS,,,,71.77,,,,,,,
WSE,Wise Group plc,NMS,,,,11.19,,,,,,,
WSBC,"WesBanco, Inc.",NMS,,,,34.39,,,,,,,
WS,"Worthington Steel, Inc.",NYQ,,,,41.52,,,,,,,
WRLD,World Acceptance Corporation,NMS,,,,167.3,,,,,,,
WRBY,Warby Parker Inc.,NYQ,,,,22.72,,,,,,,
WRB,W.R. Berkley Corporation,NYQ,,,,68.57,,,,,,,
WPP,WPP plc,NYQ,,,,17.7,,,,,,,
WPM,Wheaton Precious Metals Corp,NYQ,,,,116.23,,,,,,,
WPC,W. P. Carey Inc. REIT,NYQ,,,,74.49,,,,,,,
WOR,"Worthington Enterprises, Inc.",NYQ,,,,57.31,,,,,,,
WOOF,Petco Health and Wellness Compa,NMS,,,,2.83,,,,,,,
WOLF,"Wolfspeed, Inc.",NYQ,,,,55.06,,,,,,,
WMT,Walmart Inc.,NMS,,,,118.88,,,,,,,
WMS,"Advanced Drainage Systems, Inc.",NYQ,,,,130.15,,,,,,,
WMK,"Weis Markets, Inc.",NYQ,,,,78.22,,,,,,,
WMG,Warner Music Group Corp.,NMS,,,,29.93,,,,,,,
WMB,"Williams Companies, Inc. (The)",NYQ,,,,71.96,,,,,,,
WM,"Waste Management, Inc.",NYQ,,,,220.4,,,,,,,
WLY,"John Wiley & Sons, Inc.",NYQ,,,,44.16,,,,,,,
WLTH,Wealthfront Corporation,NMS,,,,9.85,,,,,,,
WLK,Westlake Corporation,NYQ,,,,84.64,,,,,,,
WKC,World Kinect Corporation,NYQ,,,,29.83,,,,,,,
WK,Workiva Inc.,NYQ,,,,49.13,,,,,,,
WIX,Wix.com Ltd.,NMS,,,,52.39,,,,,,,
WIW,Western Asset Inflation-Linked ,NYQ,,,,8.46,,,,,,,
WIT,Wipro Limited,NYQ,,,,2.1,,,,,,,
WING,Wingstop Inc.,NMS,,,,142.23,,,,,,,
WHR,Whirlpool Corporation,NYQ,,,,39.47,,,,,,,
WHD,"Cactus, Inc. Class A Common Sto",NYQ,,,,56.62,,,,,,,
WH,"Wyndham Hotels & Resorts, Inc.",NYQ,,,,81.96,,,,,,,
WGS,GeneDx Holdings Corp.,NMS,,,,52.21,,,,,,,
WGO,"Winnebago Industries, Inc.",NYQ,,,,27.7,,,,,,,
WFRD,Weatherford International plc,NMS,,,,97.17,,,,,,,
WFG,West Fraser Timber Co. Ltd,NYQ,,,,66.0,,,,,,,
WFC,Wells Fargo & Company,NYQ,,,,81.94,,,,,,,
WF,Woori Financial Group Inc.,NYQ,,,,60.57,,,,,,,
WEX,WEX Inc.,NYQ,,,,148.21,,,,,,,
WES,"Western Midstream Partners, LP",NYQ,,,,44.37,,,,,,,
WERN,"Werner Enterprises, Inc.",NMS,,,,43.46,,,,,,,
WEN,Wendy's Company (The),NMS,,,,6.71,,,,,,,
WELL,Welltower Inc.,NYQ,,,,206.93,,,,,,,
WEC,"WEC Energy Group, Inc.",NYQ,,,,112.95,,,,,,,
WEAV,"Weave Communications, Inc.",NYQ,,,,5.69,,,,,,,
WDS,Woodside Energy Group Limited,NYQ,,,,21.33,,,,,,,
WDI,,NYQ,,,,13.22,,,,,,,
WDH,Waterdrop Inc.,NYQ,,,,1.4,,,,,,,
WDFC,WD-40 Company,NMS,,,,203.39,,,,,,,
WDC,Western Digital Corporation,NMS,,,,511.72,,,,,,,
WDAY,"Workday, Inc.",NMS,,,,144.28,,,,,,,
WD,"Walker & Dunlop, Inc",NYQ,,,,51.25,,,,,,,
WCN,"Waste Connections, Inc.",NYQ,,,,155.22,,,,,,,
WCC,"WESCO International, Inc.",NYQ,,,,354.31,,,,,,,
WBTN,WEBTOON Entertainment Inc.,NMS,,,,11.48,,,,,,,
WBS,Webster Financial Corporation,NYQ,,,,72.27,,,,,,,
WBI,WaterBridge Infrastructure LLC,NYQ,,,,29.44,,,,,,,
WBD,"Warner Bros. Discovery, Inc. - ",NMS,,,,26.24,,,,,,,
WB,Weibo Corporation,NMS,,,,7.7,,,,,,,
WAY,Waystar Holding Corp.,NMS,,,,20.0,,,,,,,
WAT,Waters Corporation,NYQ,,,,365.36,,,,,,,
WASH,"Washington Trust Bancorp, Inc.",NMS,,,,33.4,,,,,,,
WAL,Western Alliance Bancorporation,NYQ,,,,80.15,,,,,,,
WAFD,"WaFd, Inc.",NMS,,,,35.57,,,,,,,
WABC,Westamerica Bancorporation,NMS,,,,56.58,,,,,,,
WAB,Westinghouse Air Brake Technolo,NYQ,,,,260.4,,,,,,,
W,Wayfair Inc.,NYQ,,,,68.35,,,,,,,
VZ,Verizon Communications Inc.,NYQ,,,,45.37,,,,,,,
VYX,NCR Voyix Corporation,NYQ,,,,6.91,,,,,,,
VVX,"V2X, Inc.",NYQ,,,,84.94,,,,,,,
VVV,Valvoline Inc.,NYQ,,,,35.73,,,,,,,
VVR,Invesco Senior Income Trust  (D,NYQ,,,,3.01,,,,,,,
VTS,"Vitesse Energy, Inc.",NYQ,,,,17.62,,,,,,,
